backbone,arm,fold,n_val,fs_method,auc,accuracy,sensitivity,specificity,precision,f1,balanced_accuracy,brier_score,tp,tn,fp,fn
convnext_tiny,cnn_only,0,292,mutual_info_classif,0.9328362241314098,0.839041095890411,0.8602150537625158,0.8291457286427995,0.7017543859649122,0.7729468599033816,0.8446803912026577,0.10969774500305873,80,165,34,13
convnext_tiny,radiomics_only,0,292,mutual_info_classif,0.9344031987896472,0.8767123287671232,0.7741935483862643,0.9246231155774248,0.8275862068965517,0.8,0.8494083319818446,0.09138455358772042,72,184,15,21
convnext_tiny,fusion_late,0,292,mutual_info_classif,0.9461284919219755,0.8904109589041096,0.8172043010743901,0.9246231155774248,0.8351648351648352,0.8260869565217391,0.8709137083259075,0.08296109227585582,76,184,15,17
convnext_tiny,fusion_early,0,292,mutual_info_classif,0.9151132004106555,0.8732876712328768,0.720430107526107,0.9447236180899776,0.8589743589743589,0.783625730994152,0.8325768628080423,0.10641357006588714,67,188,11,26
convnext_tiny,fusion_intermediate_moddrop_auxloss,0,292,mutual_info_classif,0.9407791646404063,0.8972602739726028,0.8064516129023587,0.9396984924618395,0.8620689655172413,0.8333333333333334,0.8730750526820991,0.08031794311067149,75,187,12,18
convnext_tiny,fusion_intermediate_branch_norm_moddrop_auxloss,0,292,mutual_info_classif,0.928837737072459,0.6917808219178082,0.032258064516094344,0.9999999999994975,1.0,0.0625,0.5161290322577959,0.21970887144239187,3,199,0,90
convnext_tiny,fusion_intermediate_gmu_moddrop_auxloss,0,292,mutual_info_classif,0.9298103420327443,0.8835616438356164,0.8064516129023587,0.9195979899492867,0.8241758241758241,0.8152173913043478,0.8630248014258226,0.0907493749344704,75,183,16,18
convnext_tiny,cnn_only,1,254,mutual_info_classif,0.9215728252337114,0.8661417322834646,0.6913580246905044,0.9479768786121688,0.8615384615384616,0.7671232876712328,0.8196674516513367,0.10006518162304795,56,164,9,25
convnext_tiny,radiomics_only,1,254,mutual_info_classif,0.9556126454006995,0.905511811023622,0.8024691358014784,0.9537572254329748,0.8904109589041096,0.8441558441558441,0.8781131806172267,0.07327310822866823,65,165,8,16
convnext_tiny,fusion_late,1,254,mutual_info_classif,0.94983229857989,0.9094488188976378,0.8024691358014784,0.9595375722537807,0.9027777777777778,0.8496732026143791,0.8810033540276295,0.07529259985507998,65,166,7,16
convnext_tiny,fusion_early,1,254,mutual_info_classif,0.9391993149218583,0.905511811023622,0.8148148148138089,0.9479768786121688,0.88,0.8461538461538461,0.8813958467129889,0.08284555604273343,66,164,9,15
convnext_tiny,fusion_intermediate_moddrop_auxloss,1,254,mutual_info_classif,0.93035038892457,0.8858267716535433,0.7530864197521566,0.9479768786121688,0.8714285714285714,0.8079470198675497,0.8505316491821627,0.08787565139119363,61,164,9,20
convnext_tiny,fusion_intermediate_branch_norm_moddrop_auxloss,1,254,mutual_info_classif,0.9210019267822737,0.889763779527559,0.7654320987644871,0.9479768786121688,0.8732394366197183,0.8157894736842105,0.8567044886883279,0.0815367839383885,62,164,9,19
convnext_tiny,fusion_intermediate_gmu_moddrop_auxloss,1,254,mutual_info_classif,0.9194319560408192,0.8858267716535433,0.7160493827151654,0.9653179190745866,0.90625,0.8,0.8406836508948761,0.09453017925735324,58,167,6,23
convnext_tiny,cnn_only,2,266,mutual_info_classif,0.901111944027986,0.8195488721804511,0.8260869565208412,0.8160919540225196,0.7037037037037037,0.76,0.8210894552716803,0.14357028058071072,76,142,32,16
convnext_tiny,radiomics_only,2,266,mutual_info_classif,0.9097951024487756,0.8609022556390977,0.7499999999991848,0.9195402298845291,0.8313253012048193,0.7885714285714286,0.8347701149418569,0.10988844544082868,69,160,14,23
convnext_tiny,fusion_late,2,266,mutual_info_classif,0.9174787606196901,0.849624060150376,0.7934782608687028,0.8793103448270809,0.776595744680851,0.7849462365591398,0.8363943028478918,0.10797326034073418,73,153,21,19
convnext_tiny,fusion_early,2,266,mutual_info_classif,0.9098575712143927,0.8421052631578947,0.7826086956513232,0.8735632183903026,0.7659574468085106,0.7741935483870968,0.8280859570208129,0.1371481427724891,72,152,22,20
convnext_tiny,fusion_intermediate_moddrop_auxloss,2,266,mutual_info_classif,0.9071089455272364,0.8345864661654135,0.8369565217382207,0.8333333333328544,0.7264150943396226,0.7777777777777778,0.8351449275355376,0.12559985996599266,77,145,29,15
convnext_tiny,fusion_intermediate_branch_norm_moddrop_auxloss,2,266,mutual_info_classif,0.8978010994502749,0.8270676691729323,0.5434782608689744,0.9770114942523122,0.9259259259259259,0.684931506849315,0.7602448775606433,0.22315994494660804,50,170,4,42
convnext_tiny,fusion_intermediate_gmu_moddrop_auxloss,2,266,mutual_info_classif,0.9089830084957521,0.8646616541353384,0.7934782608687028,0.9022988505741941,0.8111111111111111,0.8021978021978022,0.8478885557214484,0.11034988960111315,73,157,17,19
convnext_tiny,cnn_only,3,303,mutual_info_classif,0.8761627906976744,0.8151815181518152,0.7840909090900181,0.827906976743801,0.6509433962264151,0.711340206185567,0.8059989429169095,0.12954564554058665,69,178,37,19
convnext_tiny,radiomics_only,3,303,mutual_info_classif,0.9341437632135305,0.8514851485148515,0.7386363636355242,0.8976744186042337,0.7471264367816092,0.7428571428571429,0.8181553911198789,0.1041371068125503,65,193,22,23
convnext_tiny,fusion_late,3,303,mutual_info_classif,0.922093023255814,0.8514851485148515,0.7499999999991477,0.8930232558135381,0.7415730337078652,0.7457627118644068,0.8215116279063429,0.10153116094063615,66,192,23,22
convnext_tiny,fusion_early,3,303,mutual_info_classif,0.8887949260042283,0.8448844884488449,0.7045454545446539,0.9023255813949292,0.7469879518072289,0.7251461988304093,0.8034355179697916,0.13181091131504294,62,194,21,26
convnext_tiny,fusion_intermediate_moddrop_auxloss,3,303,mutual_info_classif,0.9056553911205073,0.8250825082508251,0.681818181817407,0.8837209302321472,0.7058823529411765,0.6936416184971098,0.7827695560247772,0.12565267972858846,60,190,25,28
convnext_tiny,fusion_intermediate_branch_norm_moddrop_auxloss,3,303,mutual_info_classif,0.9068710359408034,0.8382838283828383,0.7159090909082774,0.8883720930228427,0.7241379310344828,0.72,0.80214059196556,0.11509734794369172,63,191,24,25
convnext_tiny,fusion_intermediate_gmu_moddrop_auxloss,3,303,mutual_info_classif,0.9068181818181819,0.8481848184818482,0.7045454545446539,0.9069767441856247,0.7560975609756098,0.7294117647058823,0.8057610993651393,0.11683228809837183,62,195,20,26
convnext_tiny,cnn_only,4,251,mutual_info_classif,0.9136726546906189,0.8844621513944223,0.7857142857133503,0.9341317365263868,0.8571428571428571,0.8198757763975155,0.8599230111198686,0.1033958744173095,66,156,11,18
convnext_tiny,radiomics_only,4,251,mutual_info_classif,0.9373396065012831,0.8844621513944223,0.7857142857133503,0.9341317365263868,0.8571428571428571,0.8198757763975155,0.8599230111198686,0.08603136135427865,66,156,11,18
convnext_tiny,fusion_late,4,251,mutual_info_classif,0.9473196464214428,0.8924302788844621,0.7976190476180981,0.940119760478479,0.8701298701298701,0.8322981366459627,0.8688694040482885,0.08330042228310217,67,157,10,17
convnext_tiny,fusion_early,4,251,mutual_info_classif,0.911106358711149,0.8725099601593626,0.7976190476180981,0.9101796407180179,0.8170731707317073,0.8072289156626506,0.853899344168058,0.11231125832725464,67,152,15,17
convnext_tiny,fusion_intermediate_moddrop_auxloss,4,251,mutual_info_classif,0.9297832905617337,0.896414342629482,0.7976190476180981,0.9461077844305713,0.881578947368421,0.8375,0.8718634160243347,0.09072494080337805,67,158,9,17
convnext_tiny,fusion_intermediate_branch_norm_moddrop_auxloss,4,251,mutual_info_classif,0.9128172226974621,0.8565737051792829,0.6071428571421343,0.9820359281431246,0.9444444444444444,0.7391304347826086,0.7945893926426295,0.14699157287077524,51,164,3,33
convnext_tiny,fusion_intermediate_gmu_moddrop_auxloss,4,251,mutual_info_classif,0.9222269746221843,0.8924302788844621,0.8214285714275935,0.9281437125742946,0.8518518518518519,0.8363636363636363,0.8747861420009441,0.08568793359298742,69,155,12,15
densenet201,cnn_only,0,292,mutual_info_classif,0.9181390825093209,0.8801369863013698,0.6881720430100127,0.9698492462306685,0.9142857142857143,0.7852760736196319,0.8290106446203406,0.09857473518111429,64,193,6,29
densenet201,radiomics_only,0,292,mutual_info_classif,0.9344031987896472,0.8767123287671232,0.7741935483862643,0.9246231155774248,0.8275862068965517,0.8,0.8494083319818446,0.09138455358772042,72,184,15,21
densenet201,fusion_late,0,292,mutual_info_classif,0.9440752147835955,0.9041095890410958,0.7634408602142329,0.9698492462306685,0.922077922077922,0.8352941176470589,0.8666450532224507,0.0789134035144207,71,193,6,22
densenet201,fusion_early,0,292,mutual_info_classif,0.9207326957367483,0.8938356164383562,0.7419354838701699,0.9648241206025303,0.9078947368421053,0.8165680473372781,0.8533798022363501,0.09589696118287365,69,192,7,24
densenet201,fusion_intermediate_moddrop_auxloss,0,292,mutual_info_classif,0.9198681579942725,0.8732876712328768,0.7096774193540756,0.9497487437181158,0.868421052631579,0.7810650887573964,0.8297130815360957,0.09975301169278168,66,189,10,27
densenet201,fusion_intermediate_branch_norm_moddrop_auxloss,0,292,mutual_info_classif,0.9371048792348841,0.9006849315068494,0.7419354838701699,0.9748743718588067,0.9324324324324325,0.8263473053892215,0.8584049278644883,0.08618497930904931,69,194,5,24
densenet201,fusion_intermediate_gmu_moddrop_auxloss,0,292,mutual_info_classif,0.9211109309990814,0.8732876712328768,0.7096774193540756,0.9497487437181158,0.868421052631579,0.7810650887573964,0.8297130815360957,0.09987611771044191,66,189,10,27
densenet201,cnn_only,1,254,mutual_info_classif,0.9307072004567187,0.8818897637795275,0.8271604938261393,0.9075144508665275,0.8072289156626506,0.8170731707317073,0.8673374723463334,0.092052294567147,67,157,16,14
densenet201,radiomics_only,1,254,mutual_info_classif,0.9556126454006995,0.905511811023622,0.8024691358014784,0.9537572254329748,0.8904109589041096,0.8441558441558441,0.8781131806172267,0.07327310822866823,65,165,8,16
densenet201,fusion_late,1,254,mutual_info_classif,0.9630343252693926,0.9291338582677166,0.8395061728384697,0.9710982658953925,0.9315068493150684,0.8831168831168831,0.9053022193669311,0.06153829127178177,68,168,5,13
densenet201,fusion_early,1,254,mutual_info_classif,0.9424819810176265,0.8937007874015748,0.7777777777768176,0.9479768786121688,0.875,0.8235294117647058,0.8628773281944933,0.08730577890722395,63,164,9,18
densenet201,fusion_intermediate_moddrop_auxloss,1,254,mutual_info_classif,0.942053807179048,0.889763779527559,0.7407407407398262,0.9595375722537807,0.8955223880597015,0.8108108108108109,0.8501391564968035,0.07888431746055118,60,166,7,21
densenet201,fusion_intermediate_branch_norm_moddrop_auxloss,1,254,mutual_info_classif,0.9447655748233783,0.8976377952755905,0.7777777777768176,0.9537572254329748,0.8873239436619719,0.8289473684210527,0.8657675016048962,0.07571399372559805,63,165,8,18
densenet201,fusion_intermediate_gmu_moddrop_auxloss,1,254,mutual_info_classif,0.9198601298793977,0.8661417322834646,0.6543209876535132,0.9653179190745866,0.8983050847457628,0.7571428571428571,0.8098194533640499,0.09977074145866077,53,167,6,28
densenet201,cnn_only,2,266,mutual_info_classif,0.8807471264367817,0.8458646616541353,0.7065217391296668,0.9195402298845291,0.8227848101265823,0.7602339181286549,0.813030984507098,0.1339293193058377,65,160,14,27
densenet201,radiomics_only,2,266,mutual_info_classif,0.9097951024487756,0.8609022556390977,0.7499999999991848,0.9195402298845291,0.8313253012048193,0.7885714285714286,0.8347701149418569,0.10988844544082868,69,160,14,23
densenet201,fusion_late,2,266,mutual_info_classif,0.9180409795102448,0.8609022556390977,0.7391304347818053,0.9252873563213073,0.8395061728395061,0.7861271676300579,0.8322088955515563,0.10735369456041363,68,161,13,24
densenet201,fusion_early,2,266,mutual_info_classif,0.8744377811094453,0.8421052631578947,0.7065217391296668,0.9137931034477508,0.8125,0.7558139534883721,0.8101574212887088,0.1417834216821771,65,159,15,27
densenet201,fusion_intermediate_moddrop_auxloss,2,266,mutual_info_classif,0.8852448775612195,0.8345864661654135,0.7608695652165642,0.8735632183903026,0.7608695652173914,0.7608695652173914,0.8172163918034334,0.14097567096583313,70,152,22,22
densenet201,fusion_intermediate_branch_norm_moddrop_auxloss,2,266,mutual_info_classif,0.8974262868565718,0.8646616541353384,0.7826086956513232,0.9080459770109724,0.8181818181818182,0.8,0.8453273363311478,0.10903685501602971,72,158,16,20
densenet201,fusion_intermediate_gmu_moddrop_auxloss,2,266,mutual_info_classif,0.8964267866066967,0.8345864661654135,0.7173913043470463,0.8965517241374158,0.7857142857142857,0.75,0.8069715142422311,0.13068038767435092,66,156,18,26
densenet201,cnn_only,3,303,mutual_info_classif,0.8821881606765327,0.8481848184818482,0.7159090909082774,0.9023255813949292,0.75,0.7325581395348837,0.8091173361516033,0.11718175738790948,63,194,21,25
densenet201,radiomics_only,3,303,mutual_info_classif,0.9341437632135305,0.8514851485148515,0.7386363636355242,0.8976744186042337,0.7471264367816092,0.7428571428571429,0.8181553911198789,0.1041371068125503,65,193,22,23
densenet201,fusion_late,3,303,mutual_info_classif,0.9280126849894291,0.8712871287128713,0.7499999999991477,0.9209302325577112,0.7951807228915663,0.7719298245614035,0.8354651162784295,0.0932030930399753,66,198,17,22
densenet201,fusion_early,3,303,mutual_info_classif,0.9042811839323467,0.8514851485148515,0.7727272727263946,0.8837209302321472,0.7311827956989247,0.7513812154696132,0.8282241014792708,0.1265265574682958,68,190,25,20
densenet201,fusion_intermediate_moddrop_auxloss,3,303,mutual_info_classif,0.896723044397463,0.8415841584158416,0.681818181817407,0.9069767441856247,0.75,0.7142857142857143,0.7943974630015158,0.1194214912576534,60,195,20,28
densenet201,fusion_intermediate_branch_norm_moddrop_auxloss,3,303,mutual_info_classif,0.8835095137420719,0.8448844884488449,0.7613636363627712,0.8790697674414516,0.7204301075268817,0.7403314917127072,0.8202167019021114,0.1232199174433718,67,189,26,21
densenet201,fusion_intermediate_gmu_moddrop_auxloss,3,303,mutual_info_classif,0.9108350951374208,0.8514851485148515,0.7954545454536415,0.8744186046507562,0.7216494845360825,0.7567567567567568,0.8349365750521989,0.11823158040505337,70,188,27,18
densenet201,cnn_only,4,251,mutual_info_classif,0.8995580268035358,0.8645418326693227,0.714285714284864,0.940119760478479,0.8571428571428571,0.7792207792207793,0.8272027373816715,0.10954574709916051,60,157,10,24
densenet201,radiomics_only,4,251,mutual_info_classif,0.9373396065012831,0.8844621513944223,0.7857142857133503,0.9341317365263868,0.8571428571428571,0.8198757763975155,0.8599230111198686,0.08603136135427865,66,156,11,18
densenet201,fusion_late,4,251,mutual_info_classif,0.9409751924721985,0.9043824701195219,0.7857142857133503,0.9640718562868479,0.9166666666666666,0.8461538461538461,0.874893071000099,0.08444330139330597,66,161,6,18
densenet201,fusion_early,4,251,mutual_info_classif,0.901981750784146,0.8725099601593626,0.7261904761896116,0.9461077844305713,0.8714285714285714,0.7922077922077922,0.8361491303100914,0.10982578857427179,61,158,9,23
densenet201,fusion_intermediate_moddrop_auxloss,4,251,mutual_info_classif,0.9172369546621043,0.8725099601593626,0.7261904761896116,0.9461077844305713,0.8714285714285714,0.7922077922077922,0.8361491303100914,0.09654194052929398,61,158,9,23
densenet201,fusion_intermediate_branch_norm_moddrop_auxloss,4,251,mutual_info_classif,0.9155260906757913,0.8924302788844621,0.7738095238086026,0.9520958083826635,0.8904109589041096,0.8280254777070064,0.862952666095633,0.09276568392664421,65,159,8,19
densenet201,fusion_intermediate_gmu_moddrop_auxloss,4,251,mutual_info_classif,0.9098232107214143,0.896414342629482,0.7857142857133503,0.9520958083826635,0.8918918918918919,0.8354430379746836,0.8689050470480069,0.09031812864696838,66,159,8,18
densenet121,cnn_only,0,292,mutual_info_classif,0.916247906197655,0.8664383561643836,0.7634408602142329,0.9145728643211485,0.8068181818181818,0.7845303867403315,0.8390068622676907,0.09511591725123235,71,182,17,22
densenet121,radiomics_only,0,292,mutual_info_classif,0.9344031987896472,0.8767123287671232,0.7741935483862643,0.9246231155774248,0.8275862068965517,0.8,0.8494083319818446,0.09138455358772042,72,184,15,21
densenet121,fusion_late,0,292,mutual_info_classif,0.9443994164370239,0.9041095890410958,0.7849462365582958,0.9597989949743921,0.9012345679012346,0.8390804597701149,0.872372615766344,0.0794741079944541,73,191,8,20
densenet121,fusion_early,0,292,mutual_info_classif,0.9177068136380829,0.9041095890410958,0.7634408602142329,0.9698492462306685,0.922077922077922,0.8352941176470589,0.8666450532224507,0.08925811911414502,71,193,6,22
densenet121,fusion_intermediate_moddrop_auxloss,0,292,mutual_info_classif,0.9235964770086994,0.9006849315068494,0.7634408602142329,0.9648241206025303,0.9102564102564102,0.8304093567251462,0.8641324904083816,0.08043520142861667,71,192,7,22
densenet121,fusion_intermediate_branch_norm_moddrop_auxloss,0,292,mutual_info_classif,0.9380234505862647,0.9041095890410958,0.7741935483862643,0.9648241206025303,0.9113924050632911,0.8372093023255814,0.8695088344943973,0.08384276460304417,72,192,7,21
densenet121,fusion_intermediate_gmu_moddrop_auxloss,0,292,mutual_info_classif,0.9105743772626573,0.8287671232876712,0.8064516129023587,0.8391959798990758,0.7009345794392523,0.75,0.8228237964007172,0.12026358014317676,75,167,32,18
densenet121,cnn_only,1,254,mutual_info_classif,0.9124384500107042,0.8110236220472441,0.6913580246905044,0.8670520231208861,0.7088607594936709,0.7,0.7792050239056953,0.11111706921573306,56,150,23,25
densenet121,radiomics_only,1,254,mutual_info_classif,0.9556126454006995,0.905511811023622,0.8024691358014784,0.9537572254329748,0.8904109589041096,0.8441558441558441,0.8781131806172267,0.07327310822866823,65,165,8,16
densenet121,fusion_late,1,254,mutual_info_classif,0.9551131092556912,0.905511811023622,0.8024691358014784,0.9537572254329748,0.8904109589041096,0.8441558441558441,0.8781131806172267,0.07257527288894905,65,165,8,16
densenet121,fusion_early,1,254,mutual_info_classif,0.9471918932419896,0.8818897637795275,0.7407407407398262,0.9479768786121688,0.8695652173913043,0.8,0.8443588096759975,0.09524270854050519,60,164,9,21
densenet121,fusion_intermediate_moddrop_auxloss,1,254,mutual_info_classif,0.936772996503247,0.8858267716535433,0.7654320987644871,0.942196531791363,0.8611111111111112,0.8104575163398693,0.8538143152779251,0.08473062733283307,62,163,10,19
densenet121,fusion_intermediate_branch_norm_moddrop_auxloss,1,254,mutual_info_classif,0.9264968243773638,0.905511811023622,0.790123456789148,0.9595375722537807,0.9014084507042254,0.8421052631578947,0.8748305145214643,0.08263951522547963,64,166,7,17
densenet121,fusion_intermediate_gmu_moddrop_auxloss,1,254,mutual_info_classif,0.9323485335046028,0.9015748031496063,0.790123456789148,0.9537572254329748,0.8888888888888888,0.8366013071895425,0.8719403411110613,0.0848442331455184,64,165,8,17
densenet121,cnn_only,2,266,mutual_info_classif,0.8718140929535233,0.8233082706766918,0.7065217391296668,0.8850574712638593,0.7647058823529411,0.7344632768361582,0.795789605196763,0.13743388945801346,65,154,20,27
densenet121,radiomics_only,2,266,mutual_info_classif,0.9097951024487756,0.8609022556390977,0.7499999999991848,0.9195402298845291,0.8313253012048193,0.7885714285714286,0.8347701149418569,0.10988844544082868,69,160,14,23
densenet121,fusion_late,2,266,mutual_info_classif,0.9091079460269865,0.8421052631578947,0.7282608695644258,0.9022988505741941,0.7976190476190477,0.7613636363636364,0.81527986006931,0.11144953424198613,67,157,17,25
densenet121,fusion_early,2,266,mutual_info_classif,0.8864942528735632,0.8458646616541353,0.7717391304339437,0.8850574712638593,0.7802197802197802,0.7759562841530054,0.8283983008489015,0.1377163786741662,71,154,20,21
densenet121,fusion_intermediate_moddrop_auxloss,2,266,mutual_info_classif,0.9114817591204398,0.8533834586466166,0.7282608695644258,0.9195402298845291,0.8271604938271605,0.7745664739884393,0.8239005497244775,0.12915466611222168,67,160,14,25
densenet121,fusion_intermediate_branch_norm_moddrop_auxloss,2,266,mutual_info_classif,0.8929285357321338,0.8383458646616542,0.6956521739122873,0.9137931034477508,0.810126582278481,0.7485380116959064,0.804722638680019,0.11820397581969037,64,159,15,28
densenet121,fusion_intermediate_gmu_moddrop_auxloss,2,266,mutual_info_classif,0.903423288355822,0.8533834586466166,0.8043478260860822,0.8793103448270809,0.7789473684210526,0.7914438502673797,0.8418290854565815,0.12258800486249444,74,153,21,18
densenet121,cnn_only,3,303,mutual_info_classif,0.8789640591966172,0.8448844884488449,0.681818181817407,0.9116279069763202,0.759493670886076,0.718562874251497,0.7967230443968636,0.11836629857821553,60,196,19,28
densenet121,radiomics_only,3,303,mutual_info_classif,0.9341437632135305,0.8514851485148515,0.7386363636355242,0.8976744186042337,0.7471264367816092,0.7428571428571429,0.8181553911198789,0.1041371068125503,65,193,22,23
densenet121,fusion_late,3,303,mutual_info_classif,0.9236786469344609,0.858085808580858,0.6931818181810304,0.9255813953484068,0.7922077922077922,0.7393939393939394,0.8093816067647186,0.09576355467110195,61,199,16,27
densenet121,fusion_early,3,303,mutual_info_classif,0.9012684989429176,0.8514851485148515,0.7272727272719008,0.9023255813949292,0.7529411764705882,0.7398843930635838,0.814799154333415,0.11880771844048416,64,194,21,24
densenet121,fusion_intermediate_moddrop_auxloss,3,303,mutual_info_classif,0.9206131078224102,0.858085808580858,0.7386363636355242,0.9069767441856247,0.7647058823529411,0.7514450867052023,0.8228065539105744,0.10527194421643972,65,195,20,23
densenet121,fusion_intermediate_branch_norm_moddrop_auxloss,3,303,mutual_info_classif,0.9091966173361522,0.8415841584158416,0.6704545454537836,0.9116279069763202,0.7564102564102564,0.7108433734939759,0.7910412262150519,0.12452357289693396,59,196,19,29
densenet121,fusion_intermediate_gmu_moddrop_auxloss,3,303,mutual_info_classif,0.8904862579281183,0.8415841584158416,0.681818181817407,0.9069767441856247,0.75,0.7142857142857143,0.7943974630015158,0.12309273778790479,60,195,20,28
densenet121,cnn_only,4,251,mutual_info_classif,0.9149558026803536,0.8725099601593626,0.7499999999991072,0.9341317365263868,0.8513513513513513,0.7974683544303798,0.842065868262747,0.10176533777331458,63,156,11,21
densenet121,radiomics_only,4,251,mutual_info_classif,0.9373396065012831,0.8844621513944223,0.7857142857133503,0.9341317365263868,0.8571428571428571,0.8198757763975155,0.8599230111198686,0.08603136135427865,66,156,11,18
densenet121,fusion_late,4,251,mutual_info_classif,0.9374821785001426,0.896414342629482,0.7976190476180981,0.9461077844305713,0.881578947368421,0.8375,0.8718634160243347,0.08207151351918016,67,158,9,17
densenet121,fusion_early,4,251,mutual_info_classif,0.9246506986027943,0.896414342629482,0.8333333333323413,0.9281437125742946,0.8536585365853658,0.8433734939759037,0.880738522953318,0.09223533362362522,70,155,12,14
densenet121,fusion_intermediate_moddrop_auxloss,4,251,mutual_info_classif,0.9195893926432848,0.896414342629482,0.7619047619038548,0.9640718562868479,0.9142857142857143,0.8311688311688312,0.8629883090953514,0.0884938182157838,64,161,6,20
densenet121,fusion_intermediate_branch_norm_moddrop_auxloss,4,251,mutual_info_classif,0.9222269746221843,0.8884462151394422,0.7857142857133503,0.940119760478479,0.868421052631579,0.825,0.8629170230959147,0.09382486475253005,66,157,10,18
densenet121,fusion_intermediate_gmu_moddrop_auxloss,4,251,mutual_info_classif,0.9169518106643856,0.8844621513944223,0.7499999999991072,0.9520958083826635,0.8873239436619719,0.8129032258064516,0.8510479041908854,0.09487750279176867,63,159,8,21
