model,fold,arm,n,auc
densenet121,0,A_binary,299,0.9180521346469623
densenet121,0,B_ordinal,299,0.8833641215106733
densenet121,0,C_grade3,299,0.9032738095238094
densenet121,0,D_grade4,299,0.9013752052545156
densenet121,1,A_binary,254,0.9124384500107042
densenet121,1,B_ordinal,254,0.8861771212445587
densenet121,1,C_grade3,254,0.8998073217726398
densenet121,1,D_grade4,254,0.9314921858274459
densenet121,2,A_binary,268,0.863195084485407
densenet121,2,B_ordinal,268,0.8781874039938556
densenet121,2,C_grade3,268,0.8580952380952382
densenet121,2,D_grade4,268,0.8831029185867896
densenet121,3,A_binary,307,0.8841253791708797
densenet121,3,B_ordinal,307,0.8524772497472195
densenet121,3,C_grade3,307,0.8782608695652174
densenet121,3,D_grade4,307,0.8844287158746208
densenet121,4,A_binary,263,0.8920671243325706
densenet121,4,B_ordinal,263,0.9071319603356218
densenet121,4,C_grade3,263,0.8750317823544369
densenet121,4,D_grade4,263,0.8780828883803712
efficientnet_b0,0,A_binary,299,0.8766933497536946
efficientnet_b0,0,B_ordinal,299,0.7813013136288998
efficientnet_b0,0,C_grade3,299,0.8708435960591133
efficientnet_b0,0,D_grade4,299,0.8920361247947455
efficientnet_b0,1,A_binary,254,0.8641261685577678
efficientnet_b0,1,B_ordinal,254,0.7961892528366517
efficientnet_b0,1,C_grade3,254,0.8624134732034541
efficientnet_b0,1,D_grade4,254,0.9017341040462427
efficientnet_b0,2,A_binary,268,0.8466666666666667
efficientnet_b0,2,B_ordinal,268,0.7642089093701996
efficientnet_b0,2,C_grade3,268,0.8428571428571429
efficientnet_b0,2,D_grade4,268,0.8849462365591398
efficientnet_b0,3,A_binary,307,0.870273003033367
efficientnet_b0,3,B_ordinal,307,0.7291203235591507
efficientnet_b0,3,C_grade3,307,0.8427199191102123
efficientnet_b0,3,D_grade4,307,0.8720424671385237
efficientnet_b0,4,A_binary,263,0.8675947114162217
efficientnet_b0,4,B_ordinal,263,0.8238304093567251
efficientnet_b0,4,C_grade3,263,0.8275489448258327
efficientnet_b0,4,D_grade4,263,0.860602593440122
mobilenetv3_small,0,A_binary,299,0.8455972906403942
mobilenetv3_small,0,B_ordinal,299,0.7622639573070606
mobilenetv3_small,0,C_grade3,299,0.8447762725779966
mobilenetv3_small,0,D_grade4,299,0.9092261904761905
mobilenetv3_small,1,A_binary,254,0.8392207236137872
mobilenetv3_small,1,B_ordinal,254,0.7886248483550988
mobilenetv3_small,1,C_grade3,254,0.8651252408477843
mobilenetv3_small,1,D_grade4,254,0.9004495825305073
mobilenetv3_small,2,A_binary,268,0.799231950844854
mobilenetv3_small,2,B_ordinal,268,0.7458986175115208
mobilenetv3_small,2,C_grade3,268,0.7763133640552995
mobilenetv3_small,2,D_grade4,268,0.8367741935483871
mobilenetv3_small,3,A_binary,307,0.8448938321536905
mobilenetv3_small,3,B_ordinal,307,0.7983822042467138
mobilenetv3_small,3,C_grade3,307,0.8442871587462083
mobilenetv3_small,3,D_grade4,307,0.8884732052578362
mobilenetv3_small,4,A_binary,263,0.8218281210272057
mobilenetv3_small,4,B_ordinal,263,0.7287693872362064
mobilenetv3_small,4,C_grade3,263,0.8154080854309688
mobilenetv3_small,4,D_grade4,263,0.8486524281718789
resnet50,0,A_binary,299,0.9382183908045977
resnet50,0,B_ordinal,299,0.8858271756978654
resnet50,0,C_grade3,299,0.9121510673234811
resnet50,0,D_grade4,299,0.9141009852216748
resnet50,1,A_binary,254,0.9115107400271176
resnet50,1,B_ordinal,254,0.9102262185113822
resnet50,1,C_grade3,254,0.9194319560408193
resnet50,1,D_grade4,254,0.929779490473132
resnet50,2,A_binary,268,0.8630721966205838
resnet50,2,B_ordinal,268,0.8766513056835638
resnet50,2,C_grade3,268,0.8842089093701997
resnet50,2,D_grade4,268,0.8895545314900153
resnet50,3,A_binary,307,0.8854903943377148
resnet50,3,B_ordinal,307,0.8377148634984833
resnet50,3,C_grade3,307,0.8686046511627907
resnet50,3,D_grade4,307,0.8691607684529827
resnet50,4,A_binary,263,0.8743325705568269
resnet50,4,B_ordinal,263,0.8939740655987796
resnet50,4,C_grade3,263,0.9024281718789727
resnet50,4,D_grade4,263,0.9036994660564455
vgg16,0,A_binary,299,0.9403735632183908
vgg16,0,B_ordinal,299,0.9191297208538587
vgg16,0,C_grade3,299,0.9394499178981938
vgg16,0,D_grade4,299,0.942785303776683
vgg16,1,A_binary,254,0.9469778063227003
vgg16,1,B_ordinal,254,0.9212160137015628
vgg16,1,C_grade3,254,0.9314921858274459
vgg16,1,D_grade4,254,0.9568258046100049
vgg16,2,A_binary,268,0.8659600614439323
vgg16,2,B_ordinal,268,0.8655913978494623
vgg16,2,C_grade3,268,0.8712442396313365
vgg16,2,D_grade4,268,0.9060829493087558
vgg16,3,A_binary,307,0.9042972699696663
vgg16,3,B_ordinal,307,0.8587462082912033
vgg16,3,C_grade3,307,0.882103134479272
vgg16,3,D_grade4,307,0.9106167846309403
vgg16,4,A_binary,263,0.8940376303076533
vgg16,4,B_ordinal,263,0.881070429697432
vgg16,4,C_grade3,263,0.889397406559878
vgg16,4,D_grade4,263,0.8959445715738622
vit_base,0,A_binary,299,0.8988095238095238
vit_base,0,B_ordinal,299,0.9295463875205254
vit_base,0,C_grade3,299,0.9095340722495896
vit_base,0,D_grade4,299,0.9372434318555009
vit_base,1,A_binary,254,0.918932419895811
vit_base,1,B_ordinal,254,0.9433383286947835
vit_base,1,C_grade3,254,0.9425533433240562
vit_base,1,D_grade4,254,0.9432669663883536
vit_base,2,A_binary,268,0.9077419354838709
vit_base,2,B_ordinal,268,0.8737019969278035
vit_base,2,C_grade3,268,0.9019662058371736
vit_base,2,D_grade4,268,0.8872196620583717
vit_base,3,A_binary,307,0.8580384226491407
vit_base,3,B_ordinal,307,0.7745197168857432
vit_base,3,C_grade3,307,0.8452982810920122
vit_base,3,D_grade4,307,0.878159757330637
vit_base,4,A_binary,263,0.8836765827612509
vit_base,4,B_ordinal,263,0.9180650902618867
vit_base,4,C_grade3,263,0.8833587592168827
vit_base,4,D_grade4,263,0.9148232901093314
