run_id,commit_sha,backbone,internal_name,site_rank,module_class,module_path,spatial_h,spatial_w,exec_index,n_module_calls,exec_index_norm,n,dice,iou,dice_size_matched,pointing_acc,energy_mean,n_zero_cam,is_band_pick,is_canonical_pick,cam_method,seconds
2026-08-20-run04,f81ba0d,mobilenetv3_small,mobilenet_v3_small,0,Hardswish,features.0.0.2,32,32,2,207,0.0097,60,0.019036592985415386,0.010337763679061562,0.015111688673571055,0.03333333333333333,0.016343261303593083,0,0,0,layercam,1.13
2026-08-20-run04,f81ba0d,mobilenetv3_small,mobilenet_v3_small,1,ReLU,features.0.2.block.0.2,16,16,21,207,0.1019,60,0.03087956655650701,0.018950419877963174,0.020529283966799806,0.016666666666666666,0.021483373327763823,0,0,0,layercam,0.43
2026-08-20-run04,f81ba0d,mobilenetv3_small,mobilenet_v3_small,2,Hardswish,features.0.4.block.0.2,8,8,47,207,0.2282,60,0.037940232963416844,0.02014437541772518,0.0175956514553711,0.0,0.020453145167911167,0,0,0,layercam,0.43
2026-08-20-run04,f81ba0d,mobilenetv3_small,mobilenet_v3_small,3,Conv2dNormActivation,features.0.4.block.0,8,8,48,207,0.233,60,0.037940232963416844,0.02014437541772518,0.0175956514553711,0.0,0.020453145167911167,0,1,0,layercam,0.42
2026-08-20-run04,f81ba0d,mobilenetv3_small,mobilenet_v3_small,4,Hardswish,features.0.9.block.0.2,4,4,142,207,0.6893,60,0.04205853280782674,0.02284368904509768,0.015305086763321223,0.016666666666666666,0.006636330800984139,49,0,0,layercam,0.53
2026-08-20-run04,f81ba0d,mobilenetv3_small,mobilenet_v3_small,5,Hardswish,features.0.12.2,2,2,199,207,0.966,60,0.0017450980391130334,0.0009207531553328727,0.0018007662834214116,0.0,0.0192990953095481,0,0,1,layercam,0.45
2026-08-20-run04,f81ba0d,mobilenetv3_small,mobilenet_v3_small,6,AdaptiveAvgPool2d,features.1,1,1,202,207,0.9806,60,0.03495450919152259,0.018872070312039257,0.01132877542761301,0.0,0.0,60,0,0,layercam,0.47
2026-08-20-run04,f81ba0d,efficientnet_b0,efficientnet_b0,0,SiLU,features.0.2.0.block.0.2,32,32,22,330,0.0669,60,0.05916552884272167,0.0330163811066354,0.047777159865972,0.03333333333333333,0.026757340591202654,0,0,0,layercam,0.77
2026-08-20-run04,f81ba0d,efficientnet_b0,efficientnet_b0,1,SiLU,features.0.3.0.block.0.2,16,16,62,330,0.1884,60,0.07637606507076677,0.042318362228725884,0.16251431661933932,0.18333333333333332,0.0388865338419482,0,0,0,layercam,0.83
2026-08-20-run04,f81ba0d,efficientnet_b0,efficientnet_b0,2,SiLU,features.0.4.0.block.0.2,8,8,102,330,0.31,60,0.060953007852733734,0.035312788798785015,0.06667486539416044,0.08333333333333333,0.05626714742518511,0,0,0,layercam,0.8
2026-08-20-run04,f81ba0d,efficientnet_b0,efficientnet_b0,3,Conv2dNormActivation,features.0.4.0.block.0,8,8,103,330,0.3131,60,0.060953007852733734,0.035312788798785015,0.06667486539416044,0.08333333333333333,0.05626714742518511,0,1,0,layercam,0.81
2026-08-20-run04,f81ba0d,efficientnet_b0,efficientnet_b0,4,SiLU,features.0.6.0.block.0.2,4,4,222,330,0.6748,60,0.03495450919152259,0.018872070312039257,0.01132877542761301,0.0,0.0,60,0,0,layercam,0.82
2026-08-20-run04,f81ba0d,efficientnet_b0,efficientnet_b0,5,SiLU,features.0.8.2,2,2,322,330,0.9787,60,0.0013022338424054291,0.0006752281356810651,0.0015325670497203505,0.0,0.018803679741218424,0,0,1,layercam,0.84
2026-08-20-run04,f81ba0d,efficientnet_b0,efficientnet_b0,6,AdaptiveAvgPool2d,features.1,1,1,325,330,0.9878,60,0.03495450919152259,0.018872070312039257,0.01132877542761301,0.0,0.0,60,0,0,layercam,0.81
2026-08-20-run04,f81ba0d,densenet121,densenet121,0,ReLU,features.0.relu0,48,48,2,436,0.0046,60,0.07942217074292056,0.04396944756440333,0.15557708931454636,0.26666666666666666,0.04281208829617462,0,0,0,layercam,1.61
2026-08-20-run04,f81ba0d,densenet121,densenet121,1,Conv2d,features.0.transition1.conv,24,24,49,436,0.1126,60,0.09459156840184228,0.05536747202948248,0.27729790552761424,0.5,0.0735553231443722,0,0,0,layercam,1.47
2026-08-20-run04,f81ba0d,densenet121,densenet121,2,Conv2d,features.0.transition2.conv,12,12,139,436,0.3195,60,0.11839214658147279,0.07172295833442119,0.2460452737084435,0.31666666666666665,0.06441196721610624,0,0,0,layercam,1.42
2026-08-20-run04,f81ba0d,densenet121,densenet121,3,Conv2d,features.0.transition3.conv,6,6,313,436,0.7195,60,0.1257255411287394,0.07709689960655781,0.15856908515443666,0.13333333333333333,0.061309953587908105,0,0,0,layercam,1.44
2026-08-20-run04,f81ba0d,densenet121,densenet121,4,BatchNorm2d,features.0.norm5,3,3,429,436,0.9862,60,0.062225181534756716,0.03551002946199376,0.34750336285343403,0.5833333333333334,0.0247508257802674,0,1,1,layercam,1.32
2026-08-20-run04,f81ba0d,densenet121,densenet121,5,AdaptiveAvgPool2d,features.1,1,1,431,436,0.9908,60,0.03495450919152259,0.018872070312039257,0.01132877542761301,0.0,0.0,60,0,0,layercam,1.31
2026-08-20-run04,f81ba0d,resnet50,resnet50,0,ReLU,features.2,32,32,2,185,0.0109,60,0.1000361998613201,0.056153973179827336,0.24053171122032377,0.38333333333333336,0.05082779609562292,0,0,0,layercam,0.61
2026-08-20-run04,f81ba0d,resnet50,resnet50,1,BatchNorm2d,features.5.0.bn1,16,16,39,185,0.212,60,0.116018561665882,0.06806775634653205,0.23635957176895375,0.26666666666666666,0.04928320451157659,0,0,0,layercam,0.55
2026-08-20-run04,f81ba0d,resnet50,resnet50,2,BatchNorm2d,features.6.0.bn1,8,8,83,185,0.4511,60,0.11814123001033264,0.07029315580902583,0.14606066805301665,0.11666666666666667,0.05338501175471514,0,0,0,layercam,0.56
2026-08-20-run04,f81ba0d,resnet50,resnet50,3,ReLU,features.6.0.relu,8,8,84,185,0.4565,60,0.11814123001033264,0.07029315580902583,0.14606066805301665,0.11666666666666667,0.05338501175471514,0,1,0,layercam,0.55
2026-08-20-run04,f81ba0d,resnet50,resnet50,4,BatchNorm2d,features.7.0.bn1,4,4,147,185,0.7989,60,0.10094073214941576,0.058798516576027374,0.0432281783641718,0.05,0.04247380318558049,0,0,0,layercam,0.57
2026-08-20-run04,f81ba0d,resnet50,resnet50,5,Bottleneck,features.7.2,2,2,178,185,0.9674,60,0.0030129092562910854,0.0015683101271446633,0.0020498084290009686,0.0,0.01982152172303274,0,0,1,layercam,0.57
2026-08-20-run04,f81ba0d,resnet50,resnet50,6,AdaptiveAvgPool2d,features.8,1,1,180,185,0.9783,60,0.03495450919152259,0.018872070312039257,0.01132877542761301,0.0,0.0,60,0,0,layercam,0.56
2026-08-20-run04,f81ba0d,vgg16,vgg16,0,ReLU,features.0.3,64,64,3,37,0.0833,60,0.09256463898298059,0.052431544029984185,0.26231325321606,0.4666666666666667,0.11379686319064755,0,0,0,layercam,0.35
2026-08-20-run04,f81ba0d,vgg16,vgg16,1,ReLU,features.0.8,32,32,8,37,0.2222,60,0.1212413227107057,0.07466717214855847,0.35063997479839415,0.38333333333333336,0.11890535883840059,0,0,0,layercam,0.24
2026-08-20-run04,f81ba0d,vgg16,vgg16,2,ReLU,features.0.15,16,16,15,37,0.4167,60,0.10428612914272925,0.0646996043461065,0.194391804635165,0.26666666666666666,0.10503836071650882,0,0,0,layercam,0.26
2026-08-20-run04,f81ba0d,vgg16,vgg16,3,ReLU,features.0.22,8,8,22,37,0.6111,60,0.09138282779308891,0.059676981454956195,0.17848136134959208,0.2,0.10273352306755532,0,1,0,layercam,0.24
2026-08-20-run04,f81ba0d,vgg16,vgg16,4,ReLU,features.0.29,4,4,29,37,0.8056,60,0.015049050442224177,0.00831544658398681,0.0048658296924594,0.0,0.016774396271011384,0,0,0,layercam,0.22
2026-08-20-run04,f81ba0d,vgg16,vgg16,5,MaxPool2d,features.0.30,2,2,30,37,0.8333,60,0.0025494954461517724,0.0013323570714289725,0.0018965517240289338,0.0,0.020103845200121217,0,0,1,layercam,0.22
2026-08-20-run04,f81ba0d,vgg16,vgg16,6,AdaptiveAvgPool2d,features.1,1,1,32,37,0.8889,60,0.03495450919152259,0.018872070312039257,0.01132877542761301,0.0,0.0,60,0,0,layercam,0.22
2026-08-20-run04,f81ba0d,vit_base,vit_b_16,0,LayerNorm,features.encoder.layers.encoder_layer_0.ln_1,14,14,2,141,0.0143,60,0.041071989786355095,0.021940243326167265,0.02716454451389004,0.03333333333333333,0.04091256169596756,0,0,0,layercam,1.66
2026-08-20-run04,f81ba0d,vit_base,vit_b_16,1,LayerNorm,features.encoder.layers.encoder_layer_1.ln_1,14,14,13,141,0.0929,60,0.027630842224944628,0.015266682312354571,0.0516720601825746,0.05,0.030192394265982418,0,0,0,layercam,1.63
2026-08-20-run04,f81ba0d,vit_base,vit_b_16,2,LayerNorm,features.encoder.layers.encoder_layer_2.ln_1,14,14,24,141,0.1714,60,0.05303261872122862,0.028678520413053455,0.08440941591186929,0.06666666666666667,0.09420755405466995,0,0,0,layercam,1.62
2026-08-20-run04,f81ba0d,vit_base,vit_b_16,3,LayerNorm,features.encoder.layers.encoder_layer_3.ln_1,14,14,35,141,0.25,60,0.01638810962538896,0.008618302308732834,0.012285487609636042,0.0,0.014456958575367615,0,0,0,layercam,1.62
2026-08-20-run04,f81ba0d,vit_base,vit_b_16,4,LayerNorm,features.encoder.layers.encoder_layer_4.ln_1,14,14,46,141,0.3286,60,0.03816886376485406,0.020442714097474543,0.06584033244618784,0.03333333333333333,0.019873018349957493,0,0,0,layercam,1.64
2026-08-20-run04,f81ba0d,vit_base,vit_b_16,5,LayerNorm,features.encoder.layers.encoder_layer_5.ln_1,14,14,57,141,0.4071,60,0.025901520615199465,0.013950206299148282,0.01341206860485844,0.0,0.022883608746916664,0,0,0,layercam,1.63
2026-08-20-run04,f81ba0d,vit_base,vit_b_16,6,LayerNorm,features.encoder.layers.encoder_layer_6.ln_1,14,14,68,141,0.4857,60,0.026775233130993663,0.014336025473231033,0.022599604614254958,0.03333333333333333,0.0208347673301356,0,0,0,layercam,1.62
2026-08-20-run04,f81ba0d,vit_base,vit_b_16,7,LayerNorm,features.encoder.layers.encoder_layer_7.ln_1,14,14,79,141,0.5643,60,0.043550782454068106,0.02756850307721668,0.042845504149741025,0.06666666666666667,0.02650161795487838,0,0,0,layercam,1.62
2026-08-20-run04,f81ba0d,vit_base,vit_b_16,8,LayerNorm,features.encoder.layers.encoder_layer_8.ln_1,14,14,90,141,0.6429,60,0.03858905992403891,0.021523176656633895,0.0175640013818396,0.0,0.01982022812941513,27,0,0,layercam,1.62
2026-08-20-run04,f81ba0d,vit_base,vit_b_16,9,LayerNorm,features.encoder.layers.encoder_layer_9.ln_1,14,14,101,141,0.7214,60,0.040148475630144474,0.025436945488699028,0.03251315683450031,0.03333333333333333,0.035774189725417856,0,0,0,layercam,1.62
2026-08-20-run04,f81ba0d,vit_base,vit_b_16,10,LayerNorm,features.encoder.layers.encoder_layer_10.ln_1,14,14,112,141,0.8,60,0.0389622371925098,0.021783223640972158,0.024724350538708598,0.03333333333333333,0.017484086337060396,50,0,0,layercam,1.62
2026-08-20-run04,f81ba0d,vit_base,vit_b_16,11,LayerNorm,features.encoder.layers.encoder_layer_11.ln_1,14,14,123,141,0.8786,60,0.03569182996195316,0.01979526823735684,0.014974401403883609,0.0,0.007354051570139628,53,1,1,layercam,1.62
2026-08-20-run04,f81ba0d,inceptionv3,inception_v3,0,BasicConv2d,features.0,47,47,2,301,0.0067,60,0.0780069178518532,0.045183224946770656,0.07421099673647162,0.15,0.03698075387678136,0,0,0,layercam,1.31
2026-08-20-run04,f81ba0d,inceptionv3,inception_v3,1,BasicConv2d,features.2,45,45,8,301,0.0267,60,0.08233290621440603,0.04566532909145831,0.2088056078706735,0.35,0.047757069257705294,0,0,0,layercam,1.2
2026-08-20-run04,f81ba0d,inceptionv3,inception_v3,2,BasicConv2d,features.4,22,22,12,301,0.04,60,0.10858287503949786,0.0650187621109331,0.31039562700308226,0.4166666666666667,0.04730802824132805,0,0,0,layercam,1.15
2026-08-20-run04,f81ba0d,inceptionv3,inception_v3,3,BasicConv2d,features.5,20,20,15,301,0.05,60,0.09155074296737403,0.05115888813883876,0.23156623365243928,0.43333333333333335,0.04399059941931861,0,0,0,layercam,1.16
2026-08-20-run04,f81ba0d,inceptionv3,inception_v3,4,BasicConv2d,features.10.branch3x3dbl_2,9,9,91,301,0.3033,60,0.08999315844331207,0.05023026277757706,0.16474135896284842,0.2,0.037796772889683763,0,1,0,layercam,1.22
2026-08-20-run04,f81ba0d,inceptionv3,inception_v3,5,InceptionC,features.14,4,4,219,301,0.73,60,0.09546097433010556,0.05762567640271934,0.04560960192772227,0.03333333333333333,0.043481810452702836,0,0,1,layercam,1.2
2026-08-20-run04,f81ba0d,inceptionv3,inception_v3,6,Dropout,features.19,1,1,296,301,0.9867,60,0.03495450919152259,0.018872070312039257,0.01132877542761301,0.0,0.0,60,0,0,layercam,1.2
2026-08-20-run04,f81ba0d,xception,xception,0,ReLU,features.act1,47,47,2,218,0.0092,60,0.08103297323523825,0.04703244879153513,0.1506440434965057,0.31666666666666665,0.038578272254954075,0,0,0,layercam,0.67
2026-08-20-run04,f81ba0d,xception,xception,1,BatchNorm2d,features.block1.rep.4,45,45,14,218,0.0645,60,0.09339748902051759,0.051585940630606716,0.24533841046813765,0.38333333333333336,0.04502030354972428,0,0,0,layercam,0.64
2026-08-20-run04,f81ba0d,xception,xception,2,BatchNorm2d,features.block2.rep.5,23,23,29,218,0.1336,60,0.10185029154566805,0.05747273759215219,0.244191643189494,0.31666666666666665,0.048918606992871684,0,0,0,layercam,0.64
2026-08-20-run04,f81ba0d,xception,xception,3,BatchNorm2d,features.block3.rep.5,12,12,44,218,0.2028,60,0.09990450430493948,0.05760369550693998,0.1810290061396995,0.2,0.04272916081978047,0,0,0,layercam,0.64
2026-08-20-run04,f81ba0d,xception,xception,4,BatchNorm2d,features.block12.rep.5,6,6,195,218,0.8986,60,0.10891169755369848,0.062159553483468286,0.08565179608899369,0.08333333333333333,0.07306100584808478,0,0,0,layercam,0.62
2026-08-20-run04,f81ba0d,xception,xception,5,SeparableConv2d,features.conv4,3,3,208,218,0.9585,60,0.07163754044089268,0.047940170286912484,0.15189532728758642,0.2,0.04643701757677796,9,1,0,layercam,0.58
2026-08-20-run04,f81ba0d,xception,xception,6,ReLU,features.act4,3,3,210,218,0.9677,60,0.028644987256152003,0.018354172140889836,0.03384182018084124,0.06666666666666667,0.019659728767752748,0,0,1,layercam,0.51
2026-08-20-run04,f81ba0d,xception,xception,7,AdaptiveAvgPool2d,features.global_pool.pool,1,1,211,218,0.9724,60,0.03495450919152259,0.018872070312039257,0.01132877542761301,0.0,0.0,60,0,0,layercam,0.44
2026-08-20-run04,f81ba0d,googlenet,googlenet,0,BasicConv2d,features.0,48,48,2,226,0.0089,60,0.07947183078736772,0.04330482865676129,0.19754222779714425,0.31666666666666665,0.04079502131528005,0,0,0,layercam,0.61
2026-08-20-run04,f81ba0d,googlenet,googlenet,1,BasicConv2d,features.3,24,24,9,226,0.04,60,0.08887758321184187,0.049542232329594475,0.21009045412968205,0.4,0.04243361597918976,0,0,0,layercam,0.53
2026-08-20-run04,f81ba0d,googlenet,googlenet,2,Inception,features.6,12,12,56,226,0.2489,60,0.10330260979809161,0.059343356173338066,0.2525322914195604,0.36666666666666664,0.043725184639076375,0,0,0,layercam,0.54
2026-08-20-run04,f81ba0d,googlenet,googlenet,3,Inception,features.12,6,6,172,226,0.7644,60,0.10932184002399209,0.06458435093999423,0.07600894508734063,0.08333333333333333,0.05094366311690541,0,0,0,layercam,0.53
2026-08-20-run04,f81ba0d,googlenet,googlenet,4,Inception,features.15,3,3,219,226,0.9733,60,0.09009910809251125,0.05419250653921794,0.2597236504050939,0.5,0.030896920750609933,0,0,1,layercam,0.51
2026-08-20-run04,f81ba0d,googlenet,googlenet,5,Dropout,features.17,1,1,221,226,0.9822,60,0.03495450919152259,0.018872070312039257,0.01132877542761301,0.0,0.0,60,1,0,layercam,0.51
2026-08-20-run04,f81ba0d,convnext_tiny,convnext_tiny,0,LayerNorm2d,features.0.2.0,24,24,34,202,0.1692,60,0.09299671931138508,0.053388440442987746,0.37556023677969724,0.36666666666666664,0.13463881611118478,0,0,0,layercam,0.54
2026-08-20-run04,f81ba0d,convnext_tiny,convnext_tiny,1,LayerNorm2d,features.0.4.0,12,12,68,202,0.3383,60,0.10790733604228718,0.06394943081449087,0.1785726412040825,0.15,0.10398940427645194,0,0,0,layercam,0.5
2026-08-20-run04,f81ba0d,convnext_tiny,convnext_tiny,2,LayerNorm2d,features.0.6.0,6,6,162,202,0.806,60,0.10721643075661051,0.06415603632200388,0.097927729867276,0.06666666666666667,0.0710530542102594,0,0,0,layercam,0.51
2026-08-20-run04,f81ba0d,convnext_tiny,convnext_tiny,3,CNBlock,features.0.7.2,3,3,194,202,0.9652,60,0.10912365545050878,0.06527184485515106,0.4442796021341405,0.7166666666666667,0.04778946844055489,0,0,1,layercam,0.54
2026-08-20-run04,f81ba0d,convnext_tiny,convnext_tiny,4,Sequential,features.0.7,3,3,195,202,0.9701,60,0.10912365545050878,0.06527184485515106,0.4442796021341405,0.7166666666666667,0.04778946844055489,0,1,0,layercam,0.58
2026-08-20-run04,f81ba0d,convnext_tiny,convnext_tiny,5,AdaptiveAvgPool2d,features.1,1,1,197,202,0.9801,60,0.03495450919152259,0.018872070312039257,0.01132877542761301,0.0,0.0,60,0,0,layercam,0.58
2026-08-20-run04,f81ba0d,inception_resnet_v2,inception_resnet_v2,0,ConvNormAct,features.conv2d_1a,47,47,4,1215,0.0033,60,0.09678997854537144,0.05488832298820653,0.09458041076924585,0.08333333333333333,0.04777785206590452,0,0,0,layercam,2.39
2026-08-20-run04,f81ba0d,inception_resnet_v2,inception_resnet_v2,1,ConvNormAct,features.conv2d_2b,45,45,14,1215,0.0115,60,0.0920226762863168,0.05119524359606079,0.28274018505602105,0.4166666666666667,0.05923374144384248,0,0,0,layercam,2.38
2026-08-20-run04,f81ba0d,inception_resnet_v2,inception_resnet_v2,2,ConvNormAct,features.conv2d_3b,22,22,20,1215,0.0165,60,0.11158944246970423,0.06398131399701688,0.46677793259180145,0.5333333333333333,0.06481241614793877,0,0,0,layercam,2.33
2026-08-20-run04,f81ba0d,inception_resnet_v2,inception_resnet_v2,3,ConvNormAct,features.conv2d_4a,20,20,25,1215,0.0206,60,0.095899248079665,0.053073645363036305,0.402315741545482,0.7333333333333333,0.06690453005856017,0,0,0,layercam,2.23
2026-08-20-run04,f81ba0d,inception_resnet_v2,inception_resnet_v2,4,ConvNormAct,features.mixed_6a.branch1.1,9,9,432,1215,0.3558,60,0.1199206489360661,0.07264374117972192,0.30890262669159263,0.38333333333333336,0.06692107589695423,0,1,0,layercam,2.19
2026-08-20-run04,f81ba0d,inception_resnet_v2,inception_resnet_v2,5,Block17,features.repeat_1.19,4,4,920,1215,0.7578,60,0.11745563991844861,0.0708721499562406,0.0713395836848358,0.1,0.046204714258046425,0,0,1,layercam,2.19
2026-08-20-run04,f81ba0d,inception_resnet_v2,inception_resnet_v2,6,AdaptiveAvgPool2d,features.global_pool.pool,1,1,1207,1215,0.9942,60,0.03495450919152259,0.018872070312039257,0.01132877542761301,0.0,0.0,60,0,0,layercam,2.19
2026-08-20-run04,f81ba0d,densenet201,densenet201,0,ReLU,features.0.relu0,48,48,2,716,0.0028,60,0.06622406062329747,0.0351683395674828,0.17428751867400274,0.23333333333333334,0.04273511141721718,0,0,0,layercam,2.66
2026-08-20-run04,f81ba0d,densenet201,densenet201,1,Conv2d,features.0.transition1.conv,24,24,49,716,0.0685,60,0.07082803549801366,0.039582704855215756,0.19405247899270917,0.3333333333333333,0.06720122914377709,0,0,0,layercam,2.71
2026-08-20-run04,f81ba0d,densenet201,densenet201,2,Conv2d,features.0.transition2.conv,12,12,139,716,0.1944,60,0.10373075087088914,0.062494822235220154,0.22463732566620687,0.26666666666666666,0.06241165653179872,0,0,0,layercam,2.75
2026-08-20-run04,f81ba0d,densenet201,densenet201,3,Conv2d,features.0.transition3.conv,6,6,481,716,0.6727,60,0.1209521337939298,0.07468095950478866,0.13073091931193634,0.1,0.05703566223762716,0,0,0,layercam,2.65
2026-08-20-run04,f81ba0d,densenet201,densenet201,4,BatchNorm2d,features.0.norm5,3,3,709,716,0.9916,60,0.0970199609950789,0.05761908498090026,0.4322087131178939,0.7,0.031489475233563886,0,1,1,layercam,2.76
2026-08-20-run04,f81ba0d,densenet201,densenet201,5,AdaptiveAvgPool2d,features.1,1,1,711,716,0.9944,60,0.03495450919152259,0.018872070312039257,0.01132877542761301,0.0,0.0,60,0,0,layercam,2.68
